[
	{
		"name" : "Documentation",
		"value" : ["The values contained in this file do not necessarily reflect actual times",
				   "and should be calibrated for a particular facility before use."]
	},
	{
		"name" : "Machining :: Labor Rate",
		"value" : 59,
		"unit" : "dollars / hour"
	},
	{
		"name" : "Machining :: Setup Time",
		"value" : 5,
		"unit" : "minutes"
	},
	{
		"name" : "Machining :: Program Time",
		"value" : 2,
		"unit" : "minutes",
		"help" : "per cubic inch of removal volume - as a proxy for part complexity"
	},
	{
		"name" : "Machining :: Run Time",
		"value" : 25,
		"unit" : "seconds",
		"help" : "per cubic inch of removal volume - as a proxy for part complexity"
	},
	{
		"name" : "Machining :: Inspect Time",
		"value" : 5,
		"unit" : "seconds",
		"help" : "per cubic inch of removal volume - as a proxy for part complexity"
	},
	{
		"name" : "Casting :: Labor Rate",
		"value" : 30,
		"unit" : "dollars / hour"
	},
	{
		"name" : "Casting :: Melting Time",
		"value" : 2,
		"unit" : "seconds",
		"help" : "per cubic inch of material"
	},
	{
		"name" : "Casting :: Molding Time",
		"value" : 90,
		"unit" : "seconds",
		"help" : "per cubic inch of material, investment casting only"
	},
	{
		"name" : "Casting :: Holding Time",
		"value" : 90,
		"unit" : "seconds",
		"help" : "per cubic inch of material, non-cored greensand casting only"
	},
	{
		"name" : "Casting :: Shakeout Time",
		"value" : 1,
		"unit" : "minute",
		"help" : "per part"
	},
	{
		"name" : "Casting :: Cooling Time",
		"value" : 10,
		"unit" : "seconds",
		"help" : "per cubic inch of material"
	},
	{
		"name" : "Casting :: Finishing Time",
		"value" : 5,
		"unit" : "minutes",
		"help" : "per part"
	},
	{
		"name" : "Investment Casting :: Batch Volume",
		"value" : 5,
		"unit" : "feet**3",
		"help" : "to estimate the number of castings performed in a single batch"
	},
	{
		"name" : "General Labor :: Labor Rate",
		"value" : 25,
		"unit" : "dollars / hour"
	},
	{
		"name" : "General Labor :: Bolt Time",
		"value" : 30,
		"unit" : "seconds"
	},
	{
		"name" : "General Labor :: Order Time",
		"value" : 5,
		"unit" : "minutes",
		"help" : "time to place a single or bulk order"
	},
	{
		"name" : "General Labor :: Receive Time",
		"value" : 10,
		"unit" : "minutes",
		"help" : "time to receive a single or bulk order at the facility (unload truck, check manifest, etc.)"
	},
	{
		"name" : "General Labor :: Unbox Time",
		"value" : 15,
		"unit" : "minutes",
		"help" : "time to unbox a single or bulk order"
	},
	{
		"name" : "Welding :: Labor Rate",
		"value" : 40,
		"unit" : "dollars / hour"
	},
	{
		"name" : "Welding :: Prepare Time",
		"value" : 30,
		"unit" : "seconds",
		"help" : "per inch of weld"
	},
	{
		"name" : "Welding :: Weld Time",
		"value" : 2,
		"unit" : "minutes",
		"help" : "per inch of weld",
		"todo" : "possibly have different weld times for different weld processes"
	},
	{
		"name" : "Welding :: Visual Inspection Time",
		"value" : 2,
		"unit" : "seconds",
		"help" : "per inch of weld"
	},
	{
		"name" : "Plating :: Labor Rate",
		"value" : 30,
		"unit" : "dollars / hour"
	},
	{
		"name" : "Plating :: Setup Time",
		"value" : 5,
		"unit" : "minutes",
		"help" : "per part"
	},
	{
		"name" : "Plating :: Stripping Time",
		"value" : 30,
		"unit" : "seconds",
		"help" : "per square inch of surface area"
	},
	{
		"name" : "Plating :: Blasting Time",
		"value" : 20,
		"unit" : "seconds",
		"help" : "per square inch of surface area"
	},
	{
		"name" : "Plating :: Plating Time",
		"value" : 60,
		"unit" : "minutes",
		"help" : "per part"
	},
	{
		"name" : "Plating :: Phosphate Coating :: Preparation Time",
		"value" : 15,
		"unit" : "minutes",
		"help" : "per part"
	},
	{
		"name" : "Plating :: Phosphate Coating :: Cleaning Time",
		"value" : 10,
		"unit" : "minutes",
		"help" : "per part"
	},
		{
		"name" : "Plating :: Phosphate Coating :: Activation Time",
		"value" : 20,
		"unit" : "minutes",
		"help" : "per part"
	},
		{
		"name" : "Plating :: Phosphate Coating :: Phosphating Time",
		"value" : 60,
		"unit" : "minutes",
		"help" : "per part"
	},
		{
		"name" : "Plating :: Phosphate Coating :: Treatment Time",
		"value" : 20,
		"unit" : "minutes",
		"help" : "per part"
	},
	{
		"name" : "Painting :: Labor Rate",
		"value" : 30,
		"unit" : "dollars / hour"
	},
	{
		"name" : "Painting :: Washing Time",
		"value" : 6,
		"unit" : "seconds",
		"help" : "per square inch of surface area"
	},
	{
		"name" : "Painting :: Masking Time",
		"value" : 6,
		"unit" : "seconds",
		"help" : "per square inch of surface area"
	},
	{
		"name" : "Painting :: Apply Time",
		"value" : 3,
		"unit" : "seconds",
		"help" : "per square inch of surface area"
	},
	{
		"name" : "Painting :: Curing Time",
		"value" : 30,
		"unit" : "minutes",
		"help" : "per part"
	},
	{
		"name" : "Painting :: Drying Time",
		"value" : 60,
		"unit" : "minutes",
		"help" : "per part"
	},
	{
		"name" : "Painting :: Inspecting Time",
		"value" : 10,
		"unit" : "minutes",
		"help" : "per part"
	},
	{
		"name" : "Painting :: Finishing Time",
		"value" : 30,
		"unit" : "minutes",
		"help" : "per part"
	},
	{
		"name" : "X-Ray Machine :: Cost",
		"value" : 10,
		"unit" : "dollars",
		"help" : "per usage"
	},
	{
		"name" : "X-Ray Machine :: Setup Time",
		"value" : 10,
		"unit" : "minutes",
		"help" : "per usage"
	},
	{
		"name" : "X-Ray Machine :: Scan Time",
		"value" : 5,
		"unit" : "seconds",
		"help" : "per inch of weld"
	},
	{
		"name" : "Material :: Steel :: Cost",
		"value" : 0.5,
		"unit" : "dollars / inch**3"
	},
	{
		"name" : "Material :: Aluminum :: Cost",
		"value" : 0.8,
		"unit" : "dollars / inch**3"
	},
	{
		"name" : "Material :: Paint :: Cost",
		"value" : 0.2,
		"unit" : "dollars / inch**2"
	},
	{
		"name" : "Material :: Powder :: Cost",
		"value" : 0.3,
		"unit" : "dollars / inch**2"
	},
	{
		"name" : "Material :: Weld Filler :: Cost",
		"value" : 2,
		"unit" : "dollars / inch"
	}
]